Country,1990,1991,1992,1993,1994,1995,1996,1997,1998,1999,2000,2001,2002,2003,2004,2005,2006,2007,2008,2009,2010,2011,2012,2013,2014,2015,2016,2017,2018,2019,2020,2021,% of GDP in 2021,,,,,,,,,,,,,,,,,,,,,,,,,,,,,,,,,,,,,,,,,,,,,,,,"2021 Nominal GDP "
Afghanistan,,,,,,,,,,,,,,,,,,,217,625,789,454,324,445,524,229,168,144,235,217,225,," ",,,,,,,,,,,,,,,,,,,,,,,,,,,,,,,,,,,,,,,,,,,,,,,0.00,"16,109"
Albania,0,0,0,0,0,0,0,0,0,0,0,0,0,4,5,,27,10,280,230,209,151,216,191,179,153,147,106,115,120,125,140,0.8,,,,,,,,,,,,,,,,,,,,,,,,,,,,,,,,,,,,,,,,,,,,,,,0.77,"18,310"
Algeria,31,22,,,,,,,,,,,,,,27,35,49,27,46,28,31,44,39,296,72,77,214,87,82,149,81,0.05,,,,,,,,,,,,,,,,,,,,,,,,,,,,,,,,,,,,,,,,,,,,,,,0.05,"162,711"
American Samoa,,,,,,,,,,,,,,,,,,,,,,,,,,,,,,,,,,,,,,,,,,,,,,,,,,,,,,,,,,,,,,,,,,,,,,,,,,,,,,,,#DIV/0!,0
Andorra,,,,,,,,,,,,,,,,,,,,,,,,,,,,,,92,84,,,,,,,,,,,,,,,,,,,,,,,,,,,,,,,,,,,,,,,,,,,,,,,,,0.00,"3,330"
Angola,150,125,122,133,149,210,174,180,202,263,266,216,224,230,296,215,413,603,669,716,714,564,"2,051","2,396","2,747","1,253","1,176",961,682,549,576,445,0.6,,,,,,,,,,,,,,,,,,,,,,,,,,,,,,,,,,,,,,,,,,,,,,,0.59,"75,179"
Antigua and Barbuda,6,,,11,8,8,2,1,1,2,2,2,1,1,2,2,2,2,2,2,2,2,2,2,52,53,55,55,54,48,45,49,3.3,,,,,,,,,,,,,,,,,,,,,,,,,,,,,,,,,,,,,,,,,,,,,,,3.33,"1,471"
Argentina,0,0,143,163,177,195,207,232,247,250,268,256,120,180,234,314,357,463,631,767,"1,038","1,137",979,888,732,685,769,"1,060","1,010",695,545,589,0.1,,,,,,,,,,,,,,,,,,,,,,,,,,,,,,,,,,,,,,,,,,,,,,,0.12,"486,702"
Armenia,,,,,0,0,31,37,3,8,4,18,23,26,184,207,182,239,224,180,227,300,315,355,391,364,358,367,341,363,304,353,2.5,,,,,,,,,,,,,,,,,,,,,,,,,,,,,,,,,,,,,,,,,,,,,,,2.53,"13,928"
Aruba,0,16,5,4,4,,7,10,12,27,44,39,46,48,49,62,72,73,76,73,65,64,68,67,70,75,98,108,112,113,102,111,3.5,,,,,,,,,,,,,,,,,,,,,,,,,,,,,,,,,,,,,,,,,,,,,,,3.54,"3,126"
Australia,601,523,458,442,488,570,728,771,797,871,869,855,991,"1,381","1,609","1,531","2,051","2,981","3,366","3,224","4,655","6,598","7,084","7,254","6,953","6,038","6,179","6,793","7,268","7,439","4,359","3,804",0.2,,,,,,,,,,,,,,,,,,,,,,,,,,,,,,,,,,,,,,,,,,,,,,,0.23,"1,635,255"
Austria,,,,,,,,,,,,,,,,"2,119","2,302","2,592","2,985","2,909","2,990","3,623","3,451","3,896","4,963","4,750","4,885","5,369","6,206","6,231","6,204","7,016",1.5,,,,,,,,,,,,,,,,,,,,,,,,,,,,,,,,,,,,,,,,,,,,,,,1.47,"477,084"
Azerbaijan,,,,,,,,,,77,101,142,188,131,172,239,274,405,567,638,954,"1,280","2,073","1,903","2,031","1,293",740,603,580,622,732,813,1.5,,,,,,,,,,,,,,,,,,,,,,,,,,,,,,,,,,,,,,,,,,,,,,,1.49,"54,622"
"Bahamas, The",39,50,29,27,28,32,33,37,39,47,56,54,58,63,71,84,100,95,66,63,88,120,140,139,151,179,194,262,211,207,235,246,2.2,,,,,,,,,,,,,,,,,,,,,,,,,,,,,,,,,,,,,,,,,,,,,,,2.20,"11,209"
Bahrain,332,369,336,396,431,500,559,635,725,856,"1,013","1,287",872,"1,082","1,120","1,223","1,531","1,483","1,774","1,391","1,642","2,050","2,074","2,166","2,364","2,367","2,391","2,466","3,269",,,,,,,,,,,,,,,,,,,,,,,,,,,,,,,,,,,,,,,,,,,,,,,,,,,0.00,"38,869"
Bangladesh,0,0,0,0,0,0,,2,3,4,4,4,6,7,8,6,3,3,14,8,9,12,12,20,33,32,41,47,57,83,95,101,0.02,,,,,,,,,,,,,,,,,,,,,,,,,,,,,,,,,,,,,,,,,,,,,,,0.02,"416,265"
Barbados,8,9,9,10,11,15,20,16,18,19,19,20,20,22,18,41,36,55,39,37,35,57,53,64,63,55,52,,,,,,,,,,,,,,,,,,,,,,,,,,,,,,,,,,,,,,,,,,,,,,,,,,,,,0.00,"4,854"
Belarus,,,,,,,36,26,20,5,10,33,49,28,47,52,70,103,171,133,116,134,142,151,181,162,124,138,160,186,245,240,0.4,,,,,,,,,,,,,,,,,,,,,,,,,,,,,,,,,,,,,,,,,,,,,,,0.35,"68,208"
Belgium,,,,,,,,,,,,,"1,629","2,097","2,342","2,426","2,565","3,202","4,124","4,292","4,142","4,504","4,303","4,548","5,251","4,441","4,565","4,747","5,611","5,336","6,234","7,108",1.2,,,,,,,,,,,,,,,,,,,,,,,,,,,,,,,,,,,,,,,,,,,,,,,1.19,"599,107"
Belize,7,6,6,6,7,7,7,8,7,6,6,16,17,20,18,19,21,21,28,23,22,24,26,32,33,41,45,46,43,42,42,42,1.7,,,,,,,,,,,,,,,,,,,,,,,,,,,,,,,,,,,,,,,,,,,,,,,1.72,"2,426"
Benin,21,21,21,21,23,26,34,17,30,6,9,10,7,5,6,34,61,108,75,70,63,62,88,101,144,98,88,73,94,87,92,100,0.6,,,,,,,,,,,,,,,,,,,,,,,,,,,,,,,,,,,,,,,,,,,,,,,0.57,"17,699"
Bermuda,,,,,,,,,,,,,,,,,172,178,191,213,239,215,217,219,224,187,214,218,198,199,183,159,,,,,,,,,,,,,,,,,,,,,,,,,,,,,,,,,,,,,,,,,,,,,,,,#DIV/0!,0
Bhutan,,,,,,,,,,,,,,,,,75,61,61,48,71,92,74,58,52,55,53,53,58,65,48,27,1.1,,,,,,,,,,,,,,,,,,,,,,,,,,,,,,,,,,,,,,,,,,,,,,,1.12,"2,442"
Bolivia,8,9,9,10,10,9,13,12,15,32,37,36,38,46,51,67,73,79,106,103,102,117,147,172,180,210,222,233,252,275,216,294,0.7,,,,,,,,,,,,,,,,,,,,,,,,,,,,,,,,,,,,,,,,,,,,,,,0.72,"40,703"
Bosnia and Herzegovina,,,,,,,,,,,,11,14,20,62,40,55,65,55,55,46,52,47,48,47,56,61,64,84,84,97,106,0.5,,,,,,,,,,,,,,,,,,,,,,,,,,,,,,,,,,,,,,,,,,,,,,,0.45,"23,365"
Botswana,118,118,139,131,145,199,86,119,118,122,134,129,130,186,99,107,97,99,58,60,100,122,124,97,105,95,80,81,63,99,164,237,1.3,,,,,,,,,,,,,,,,,,,,,,,,,,,,,,,,,,,,,,,,,,,,,,,1.34,"17,614"
Brazil,11,21,34,198,250,336,396,360,362,307,338,345,329,296,339,374,529,563,813,731,"1,024","1,124","1,064","1,150","1,539","1,339","1,385","2,238","2,253","2,232","1,608","1,755",0.1,,,,,,,,,,,,,,,,,,,,,,,,,,,,,,,,,,,,,,,,,,,,,,,0.11,"1,608,080"
Brunei Darussalam,0,0,0,0,0,0,0,0,0,0,0,0,89,97,354,376,405,430,420,445,0,0,0,0,0,0,0,0,0,0,10,10,0.1,,,,,,,,,,,,,,,,,,,,,,,,,,,,,,,,,,,,,,,,,,,,,,,0.07,"14,006"
Bulgaria,0,0,0,0,0,0,34,16,3,4,26,27,14,13,29,35,50,103,162,101,90,105,107,162,169,115,127,163,195,205,189,157,0.2,,,,,,,,,,,,,,,,,,,,,,,,,,,,,,,,,,,,,,,,,,,,,,,0.20,"80,327"
Burkina Faso,,,,,,,,,,,,,,,,84,86,93,100,100,112,42,71,149,161,181,188,199,209,197,202,,,,,,,,,,,,,,,,,,,,,,,,,,,,,,,,,,,,,,,,,,,,,,,,,0.00,"19,095"
Burundi,5,4,7,6,4,4,5,2,2,2,,,,,,,,,,,,6,5,7,15,21,19,16,19,,,,,,,,,,,,,,,,,,,,,,,,,,,,,,,,,,,,,,,,,,,,,,,,,,,0.00,"3,351"
Cabo Verde,2,3,5,4,3,5,3,5,,,0,0,2,7,12,5,6,6,10,12,8,9,10,10,11,14,36,44,40,37,37,38,1.8,,,,,,,,,,,,,,,,,,,,,,,,,,,,,,,,,,,,,,,,,,,,,,,1.79,"2,112"
Cambodia,0,0,14,15,38,52,77,39,42,54,60,52,70,56,56,128,120,118,171,159,163,192,265,297,360,314,357,324,310,279,226,266,1.0,,,,,,,,,,,,,,,,,,,,,,,,,,,,,,,,,,,,,,,,,,,,,,,1.01,"26,313"
Cameroon,111,95,135,107,62,22,37,36,34,28,30,42,56,57,42,56,92,90,57,130,54,81,73,65,82,76,81,84,89,86,102,40,0.1,,,,,,,,,,,,,,,,,,,,,,,,,,,,,,,,,,,,,,,,,,,,,,,0.09,"45,391"
Canada,"1,314","1,313","1,225","1,137","1,181","1,306","1,451","1,547","1,495","1,614","1,697","1,775","1,971","2,242","2,611","3,262","3,287","4,567","4,859","4,662","5,290","5,558","5,629","5,702","5,948","5,114","5,256","6,483","7,578","8,763","6,785","7,214",0.4,,,,,,,,,,,,,,,,,,,,,,,,,,,,,,,,,,,,,,,,,,,,,,,0.36,"1,988,336"
Cayman Islands,,,,,,,,,,,,,,,,,,,,,,,,,,,371,395,449,501,481,,,,,,,,,,,,,,,,,,,,,,,,,,,,,,,,,,,,,,,,,,,,,,,,,#DIV/0!,0
Central African Republic,36,35,35,36,,,,,,,,,,,,,,,,,,,,,,,,,,,,,,,,,,,,,,,,,,,,,,,,,,,,,,,,,,,,,,,,,,,,,,,,,,,,0.00,"2,584"
Chad,39,39,47,41,15,,,,,,,,,,,,,,,,,,,,,,,,,,,,,,,,,,,,,,,,,,,,,,,,,,,,,,,,,,,,,,,,,,,,,,,,,,,0.00,"11,796"
Channel Islands,,,,,,,,,,,,,,,,,,,,,,,,,,,,,,,,,,,,,,,,,,,,,,,,,,,,,,,,,,,,,,,,,,,,,,,,,,,,,,,,#DIV/0!,0
Chile,7,0,0,0,0,0,14,21,16,14,16,16,16,4,4,3,3,3,3,104,149,177,238,310,304,386,346,492,624,723,774,762,0.2,,,,,,,,,,,,,,,,,,,,,,,,,,,,,,,,,,,,,,,,,,,,,,,0.24,"316,770"
China,5,18,15,15,19,0,0,198,272,593,754,936,"1,173","1,597","1,998","1,817","2,330","2,493","2,736","2,052","1,455","1,618","1,788","1,714","4,155","5,718","6,211","16,253","16,548","15,135","18,296","22,903",0.1,,,,,,,,,,,,,,,,,,,,,,,,,,,,,,,,,,,,,,,,,,,,,,,0.13,"17,744,640"
Colombia,44,,,,146,150,140,112,151,247,219,204,158,65,51,56,66,95,88,124,151,223,246,278,399,334,259,292,313,348,254,386,0.1,,,,,,,,,,,,,,,,,,,,,,,,,,,,,,,,,,,,,,,,,,,,,,,0.12,"314,409"
Comoros,4,6,11,5,6,4,0,0,0,0,0,0,0,0,0,0,0,0,1,1,1,1,1,0,1,1,1,2,5,5,1,3,0.2,,,,,,,,,,,,,,,,,,,,,,,,,,,,,,,,,,,,,,,,,,,,,,,0.23,"1,284"
"Congo, Dem. Rep.",0,0,0,0,0,0,0,0,0,0,0,0,0,0,0,32,32,26,37,31,57,813,670,920,451,851,450,532,914,"1,004",746,731,1.3,,,,,,,,,,,,,,,,,,,,,,,,,,,,,,,,,,,,,,,,,,,,,,,1.29,"56,553"
"Congo, Rep.",55,52,53,45,23,27,38,35,35,46,37,32,35,39,49,66,81,58,54,64,70,54,51,57,67,68,402,0,0,48,49,,,,,,,,,,,,,,,,,,,,,,,,,,,,,,,,,,,,,,,,,,,,,,,,,0.00,"12,641"
Costa Rica,0,0,0,0,7,36,46,67,93,122,142,140,148,192,192,209,246,271,269,239,259,291,346,403,419,408,416,469,507,530,496,549,0.9,,,,,,,,,,,,,,,,,,,,,,,,,,,,,,,,,,,,,,,,,,,,,,,0.85,"64,417"
Cote d'Ivoire,,,,,,,,,,,,,,,,597,661,699,759,746,726,729,694,736,747,650,716,847,919,908,936,,,,,,,,,,,,,,,,,,,,,,,,,,,,,,,,,,,,,,,,,,,,,,,,,0.00,"70,080"
Croatia,,,,0,0,0,15,37,35,43,92,100,128,158,165,197,262,345,393,350,333,363,247,390,443,414,425,467,532,533,570,632,0.9,,,,,,,,,,,,,,,,,,,,,,,,,,,,,,,,,,,,,,,,,,,,,,,0.93,"67,707"
Cuba,,,,,,,,,,,,,,,,,,,,,,,,,,,,,,,,,,,,,,,,,,,,,,,,,,,,,,,,,,,,,,,,,,,,,,,,,,,,,,,,#DIV/0!,0
Curacao,,,,,,,,,,,,,,,,,,,,,,133,135,117,121,130,127,142,141,132,122,118,,,,,,,,,,,,,,,,,,,,,,,,,,,,,,,,,,,,,,,,,,,,,,,,#DIV/0!,0
Cyprus,12,18,24,25,34,48,54,51,52,52,48,79,107,184,213,241,240,305,814,695,952,895,760,742,790,635,690,777,870,841,864,960,3.5,,,,,,,,,,,,,,,,,,,,,,,,,,,,,,,,,,,,,,,,,,,,,,,3.46,"27,738"
Czech Republic,0,0,0,6,55,100,302,340,739,634,603,711,893,"1,100",800,"1,341","1,678","2,296","2,586","2,045","1,497","1,522","1,335","1,079","1,523","1,376","1,659","2,056","2,786","3,447","3,252","4,069",1.4,,,,,,,,,,,,,,,,,,,,,,,,,,,,,,,,,,,,,,,,,,,,,,,1.44,"281,778"
Denmark,0,0,160,160,200,209,0,370,346,694,662,745,860,"1,029","1,226","1,512","1,775","3,054","4,025","3,391","2,833","3,148","2,979","3,059","3,172","2,781","2,914","3,141","3,393","3,363","3,387","3,647",0.9,,,,,,,,,,,,,,,,,,,,,,,,,,,,,,,,,,,,,,,,,,,,,,,0.92,"398,303"
Djibouti,0,0,0,0,0,0,0,0,1,1,2,2,2,5,5,5,5,5,5,6,12,13,12,0,0,0,0,0,0,0,2,1,0.03,,,,,,,,,,,,,,,,,,,,,,,,,,,,,,,,,,,,,,,,,,,,,,,0.03,"3,372"
Dominica,0,,,0,0,0,0,0,0,0,0,0,0,0,0,0,0,0,0,0,0,0,2,2,25,25,21,20,14,26,22,24,4.4,,,,,,,,,,,,,,,,,,,,,,,,,,,,,,,,,,,,,,,,,,,,,,,4.40,537
Dominican Republic,0,0,0,10,7,7,9,8,19,18,19,22,23,23,24,25,27,28,35,27,534,566,565,531,575,585,617,651,623,741,837,872,0.9,,,,,,,,,,,,,,,,,,,,,,,,,,,,,,,,,,,,,,,,,,,,,,,0.92,"94,714"
Ecuador,2,3,3,3,5,4,9,4,5,5,6,7,7,7,7,54,62,83,66,95,136,148,154,167,196,292,302,371,467,655,518,604,0.6,,,,,,,,,,,,,,,,,,,,,,,,,,,,,,,,,,,,,,,,,,,,,,,0.57,"106,166"
"Egypt, Arab Rep.",27,33,233,140,255,223,142,344,108,39,32,35,14,79,13,57,135,180,241,255,305,293,293,355,351,623,352,271,515,472,445,442,0.10,,,,,,,,,,,,,,,,,,,,,,,,,,,,,,,,,,,,,,,,,,,,,,,0.10,"423,145"
El Salvador,,,,,,,,,,7,19,26,22,24,32,24,28,28,19,20,22,27,27,28,51,74,165,187,190,233,187,262,0.9,,,,,,,,,,,,,,,,,,,,,,,,,,,,,,,,,,,,,,,,,,,,,,,0.91,"28,737"
Equatorial Guinea,,,,,,,,,,,,,,,,,,,,,,,,,,,,,,,,,,,,,,,,,,,,,,,,,,,,,,,,,,,,,,,,,,,,,,,,,,,,,,,,0.00,"12,269"
Eritrea,0,0,0,0,0,0,0,0,4,1,1,0,0,0,0,0,0,0,0,0,0,0,0,0,0,0,0,0,0,0,0," ",,,,,,,,,,,,,,,,,,,,,,,,,,,,,,,,,,,,,,,,,,,,,,,,#VALUE!,"2,201"
Estonia,0,0,0,0,1,3,2,5,3,3,3,2,5,16,25,49,74,91,128,92,123,114,113,100,114,94,122,151,234,249,220,258,0.7,,,,,,,,,,,,,,,,,,,,,,,,,,,,,,,,,,,,,,,,,,,,,,,0.69,"37,216"
Eswatini,4,5,8,7,6,3,4,2,2,7,21,26,21,39,4,8,17,8,6,11,12,28,50,27,18,19,19,19,24,27,24,41,0.9,,,,,,,,,,,,,,,,,,,,,,,,,,,,,,,,,,,,,,,,,,,,,,,0.86,"4,744"
Ethiopia,0,0,1,0,0,0,1,5,4,3,13,14,17,17,9,16,14,15,21,27,47,22,20,23,14,14,30,12,9,19,17,14,0.01,,,,,,,,,,,,,,,,,,,,,,,,,,,,,,,,,,,,,,,,,,,,,,,0.01,"99,269"
Faeroe Islands,0,0,0,0,0,0,0,0,7,6,6,13,10,5,5,18,23,33,41,31,31,34,0,0,0,0,0,0,0,0,0,0,,,,,,,,,,,,,,,,,,,,,,,,,,,,,,,,,,,,,,,,,,,,,,,,#DIV/0!,0
Fiji,,,,,,,,,,,2,4,4,4,16,8,10,9,13,7,10,11,8,8,11,10,13,15,16,11,7,12,0.3,,,,,,,,,,,,,,,,,,,,,,,,,,,,,,,,,,,,,,,,,,,,,,,0.28,"4,296"
Finland,16,59,34,35,42,54,55,89,104,111,100,97,114,149,225,266,437,553,685,687,721,445,774,"1,085","1,015",928,882,998,"1,011",958,977,"1,013",0.3,,,,,,,,,,,,,,,,,,,,,,,,,,,,,,,,,,,,,,,,,,,,,,,0.34,"297,575"
France,"6,773","6,891","7,978","7,285","4,148","4,795","4,319","3,991","4,237","4,816","5,121","5,385","6,134","7,722","9,095","9,470","10,285","11,945","13,269","11,767","12,026","12,858","12,561","13,425","13,730","12,792","13,284","13,799","15,023","15,041","14,778","16,115",0.5,,,,,,,,,,,,,,,,,,,,,,,,,,,,,,,,,,,,,,,,,,,,,,,0.54,"2,957,425"
French Polynesia,,,,,,,,,,,,,61,51,46,47,51,56,70,64,71,56,58,46,17,10,23,,,,,,,,,,,,,,,,,,,,,,,,,,,,,,,,,,,,,,,,,,,,,,,,,,,,,#DIV/0!,0
Gabon,147,117,146,196,156,99,113,104,89,85,78,96,96,115,110,186,,155,278,253,159,239,356,250,281,122,,,,,,,,,,,,,,,,,,,,,,,,,,,,,,,,,,,,,,,,,,,,,,,,,,,,,,0.00,"20,242"
"Gambia, The",0,0,0,0,0,0,0,0,0,0,0,0,0,1,1,1,1,15,3,8,58,91,66,70,25,21,18,18,19,19,18,27,1.3,,,,,,,,,,,,,,,,,,,,,,,,,,,,,,,,,,,,,,,,,,,,,,,1.32,"2,034"
Georgia,,,,,,,,6,5,39,21,20,19,22,24,27,27,32,51,34,55,77,87,88,86,96,100,122,151,170,77,106,0.6,,,,,,,,,,,,,,,,,,,,,,,,,,,,,,,,,,,,,,,,,,,,,,,0.57,"18,696"
Germany,"6,542","6,601","8,223","8,176","8,870","10,891","10,518","9,474","9,108","10,087","8,663","9,185","10,127","11,566","12,607","12,706","12,705","14,079","15,236","15,336","14,682","16,126","15,581","19,977","20,084","18,249","19,348","21,699","18,075","17,773","15,680","17,326",0.4,,,,,,,,,,,,,,,,,,,,,,,,,,,,,,,,,,,,,,,,,,,,,,,0.41,"4,262,767"
Ghana,3,4,4,4,5,5,5,5,6,6,6,6,0,0,0,0,0,0,0,0,0,0,8,5,9,"2,607","1,549","1,112",956,667,727,813,1.0,,,,,,,,,,,,,,,,,,,,,,,,,,,,,,,,,,,,,,,,,,,,,,,1.03,"79,157"
Greece,122,118,173,250,222,300,319,342,0,631,545,536,412,379,497,902,982,"1,459","1,912","1,845","1,932","1,942","1,437","1,291","1,424","1,870","1,800","2,083","2,287","2,666","2,725","2,938",1.4,,,,,,,,,,,,,,,,,,,,,,,,,,,,,,,,,,,,,,,,,,,,,,,1.36,"216,384"
Greenland,,,,,,,,,,,,,,,,,,,,,,,,,,,,,,,,,,,,,,,,,,,,,,,,,,,,,,,,,,,,,,,,,,,,,,,,,,,,,,,,#DIV/0!,0
Grenada,0,,,0,0,0,0,1,1,1,1,1,1,1,1,1,1,2,2,1,2,2,2,2,44,48,48,52,55,56,50,53,4.7,,,,,,,,,,,,,,,,,,,,,,,,,,,,,,,,,,,,,,,,,,,,,,,4.72,"1,115"
Guam,,,,,,,,,,,,,,,,,,,,,,,,,,,,,,,,,,,,,,,,,,,,,,,,,,,,,,,,,,,,,,,,,,,,,,,,,,,,,,,,#DIV/0!,0
Guatemala,14,19,20,9,11,8,13,21,33,27,56,32,82,86,34,42,46,17,27,22,21,27,28,28,26,23,19,18,19,18,19,20,0.02,,,,,,,,,,,,,,,,,,,,,,,,,,,,,,,,,,,,,,,,,,,,,,,0.02,"85,974"
Guinea,20,21,22,20,22,10,11,14,23,18,27,37,18,46,48,60,52,39,56,45,41,39,51,81,36,26,34,28,23,83,23,44,0.3,,,,,,,,,,,,,,,,,,,,,,,,,,,,,,,,,,,,,,,,,,,,,,,0.27,"16,146"
Guinea-Bissau,12,20,15,15,13,3,,,,,,0,5,6,5,5,4,4,17,20,20,30,25,35,37,38,24,48,57,98,79,,,,,,,,,,,,,,,,,,,,,,,,,,,,,,,,,,,,,,,,,,,,,,,,,0.00,"1,703"
Guyana,0,0,3,9,9,9,23,18,22,27,27,24,53,50,81,55,48,61,72,86,128,138,184,123,122,132,138,139,142,149,130,197,2.5,,,,,,,,,,,,,,,,,,,,,,,,,,,,,,,,,,,,,,,,,,,,,,,2.55,"7,717"
Haiti,0,0,0,0,0,0,0,0,0,0,11,19,22,31,39,60,76,96,117,135,167,240,232,248,249,247,266,298,309,285,549,678,3.2,,,,,,,,,,,,,,,,,,,,,,,,,,,,,,,,,,,,,,,,,,,,,,,3.23,"21,017"
Honduras,0,0,0,0,,,8,10,1,1,9,12,11,12,17,0,2,2,37,27,27,33,36,41,42,41,41,261,288,330,292,344,1.2,,,,,,,,,,,,,,,,,,,,,,,,,,,,,,,,,,,,,,,,,,,,,,,1.21,"28,490"
"Hong Kong SAR, China",0,0,0,0,0,0,0,0,175,167,225,309,299,317,321,348,377,388,393,413,483,554,607,656,711,759,817,875,934,997,909,914,0.2,,,,,,,,,,,,,,,,,,,,,,,,,,,,,,,,,,,,,,,,,,,,,,,0.25,"369,158"
Hungary,0,0,0,0,0,517,459,399,379,348,301,315,392,484,582,697,798,"1,000","1,119",896,860,914,863,858,869,677,782,863,"1,094","1,387","1,353","1,623",0.9,,,,,,,,,,,,,,,,,,,,,,,,,,,,,,,,,,,,,,,,,,,,,,,0.89,"182,281"
Iceland,,,,,,21,16,20,16,14,23,14,21,19,28,54,82,115,101,68,67,73,66,73,95,85,140,325,356,377,291,341,1.3,,,,,,,,,,,,,,,,,,,,,,,,,,,,,,,,,,,,,,,,,,,,,,,1.33,"25,602"
India,106,52,68,259,351,419,538,162,44,36,486,751,"1,187","1,265","1,653","1,348","1,562","2,059","3,812","2,890","3,829","4,078","4,963","6,432","6,222","4,883","5,623","6,959","6,782","7,532","7,011","8,181",0.3,,,,,,,,,,,,,,,,,,,,,,,,,,,,,,,,,,,,,,,,,,,,,,,0.26,"3,176,296"
Indonesia,0,0,0,0,0,0,,,,,,,,0,913,"1,179","1,359","1,654","1,971","2,702","2,840","3,164","3,634","3,951","4,119","4,605","5,151","5,177","5,148","5,071","4,547","4,343",0.4,,,,,,,,,,,,,,,,,,,,,,,,,,,,,,,,,,,,,,,,,,,,,,,0.37,"1,187,319"
"Iran, Islamic Rep.",0,0,0,0,0,0,0,0,0,0,0,,,,,,,,,,,,,,,,,,,,,,,,,,,,,,,,,,,,,,,,,,,,,,,,,,,,,,,,,,,,,,,,,,,,,0.00,"1,589,869"
Iraq,0,0,0,0,0,0,0,0,0,0,0,0,0,0,0,83,781,17,31,27,48,78,548,484,599,539,350,396,500,664,581,852,0.4,,,,,,,,,,,,,,,,,,,,,,,,,,,,,,,,,,,,,,,,,,,,,,,0.41,"206,747"
Ireland,0,0,0,0,0,0,0,0,0,0,0,0,0,0,0,"1,440","1,853","2,520","2,673","2,551","2,266","2,195",954,910,934,704,694,"1,613",725,754,624,544,0.1,,,,,,,,,,,,,,,,,,,,,,,,,,,,,,,,,,,,,,,,,,,,,,,0.11,"504,517"
Isle of Man,,,,,,,,,,,,,,,,,,,,,,,,,,,,,,,,,,,,,,,,,,,,,,,,,,,,,,,,,,,,,,,,,,,,,,,,,,,,,,,,#DIV/0!,0
Israel,850,795,"1,117",908,919,"1,407","2,025","2,399","2,874","3,081","3,255","3,039","2,781","2,502","2,218","2,206","2,381","2,824","3,679","3,465","3,769","4,251","4,220","4,837","4,837","4,733","5,004","5,873","5,902","6,243","5,776","6,809",1.4,,,,,,,,,,,,,,,,,,,,,,,,,,,,,,,,,,,,,,,,,,,,,,,1.39,"488,527"
Italy,"3,669","2,574","2,444","2,297","2,113","1,689","1,976","2,028","2,263","1,921","1,945","1,897","2,062","2,514","2,689","2,588","2,464","2,870","14,445","14,402","12,883","14,510","11,821","11,566","11,136","8,860","8,678","8,842","9,907","9,577","10,195","12,273",0.6,,,,,,,,,,,,,,,,,,,,,,,,,,,,,,,,,,,,,,,,,,,,,,,0.58,"2,101,275"
Jamaica,11,11,12,14,32,50,70,84,105,120,152,179,242,322,391,369,358,396,365,269,279,305,334,297,275,287,298,314,309,325,306,347,2.3,,,,,,,,,,,,,,,,,,,,,,,,,,,,,,,,,,,,,,,,,,,,,,,2.25,"15,386"
Japan,,,,,,,"3,036","3,118","2,914","3,033","2,531","2,345","2,679","1,504","1,212","1,150","3,332","3,639","4,548","3,932","4,366","4,536","4,043","2,872","4,215","4,000","5,067","5,283","6,151","6,828","8,245","6,133",0.1,,,,,,,,,,,,,,,,,,,,,,,,,,,,,,,,,,,,,,,,,,,,,,,0.12,"4,932,556"
Jordan,71,61,86,78,93,107,100,200,207,204,197,193,194,227,272,349,402,479,472,502,605,550,685,535,675,597,570,673,637,663,455,624,1.4,,,,,,,,,,,,,,,,,,,,,,,,,,,,,,,,,,,,,,,,,,,,,,,1.38,"45,307"
Kazakhstan,0,0,0,0,0,7,19,24,36,61,122,203,365,651,"1,219","1,893","2,958","4,212","3,462","2,934","3,006","3,409","3,432","3,386","3,457","3,181","2,396","2,691","2,680","2,660","2,081","2,577",1.3,,,,,,,,,,,,,,,,,,,,,,,,,,,,,,,,,,,,,,,,,,,,,,,1.31,"197,112"
Kenya,6,3,7,0,7,9,9,46,71,26,0,5,6,7,34,56,25,16,64,61,19,26,15,16,171,35,18,20,11,3,8,9,0.01,,,,,,,,,,,,,,,,,,,,,,,,,,,,,,,,,,,,,,,,,,,,,,,0.01,"110,519"
Kiribati,1,2,2,1,1,0,0,0,0,0,0,0,0,0,0,0,0,1,1,1,1,1,1,1,1,1,1,1,1,1,1,1,0.6,,,,,,,,,,,,,,,,,,,,,,,,,,,,,,,,,,,,,,,,,,,,,,,0.58,207
"Korea, Dem. Rep.",,,,,,,,,,,,,,,,,,,,,,,,,,,,,,,,,,,,,,,,,,,,,,,,,,,,,,,,,,,,,,,,,,,,,,,,,,,,,,,,#DIV/0!,0
"Korea, Rep.","1,036","1,279","1,405","1,187","1,368","2,087","2,917","2,857","1,764","2,502","3,640","4,487","5,862","6,806","6,931","6,899","7,463","8,019","7,885","7,492","9,544","9,980","9,756","9,403","9,978","8,720","10,784","12,888","13,531","11,232","9,684","9,758",0.5,,,,,,,,,,,,,,,,,,,,,,,,,,,,,,,,,,,,,,,,,,,,,,,0.54,"1,810,966"
Kosovo,,,,,,,,,,,,,,,172,162,120,96,127,156,127,151,118,106,100,68,67,62,59,42,50,53,0.6,,,,,,,,,,,,,,,,,,,,,,,,,,,,,,,,,,,,,,,,,,,,,,,0.58,"9,068"
Kuwait,770,426,829,"1,229","1,331","1,354","1,376","1,375","1,611","1,731","1,734","1,785","1,926","2,144","2,404","2,648","3,183","9,764","10,323","11,749","11,864","13,012","15,459","17,711","18,128","15,203","15,288","13,760","14,347","18,855","17,357","18,468",13.6,,,,,,,,,,,,,,,,,,,,,,,,,,,,,,,,,,,,,,,,,,,,,,,13.60,"135,761"
Kyrgyz Republic,,,,2,4,10,8,14,15,12,11,13,14,18,30,53,68,90,101,107,168,228,286,390,454,363,378,476,560,574,506,587,6.9,,,,,,,,,,,,,,,,,,,,,,,,,,,,,,,,,,,,,,,,,,,,,,,6.87,"8,538"
Lao PDR,0,0,0,0,1,0,0,0,0,0,0,0,0,1,1,1,5,6,9,22,19,76,70,69,54,43,39,103,124,106,96,127,0.7,,,,,,,,,,,,,,,,,,,,,,,,,,,,,,,,,,,,,,,,,,,,,,,0.68,"18,546"
Latvia,0,0,0,0,2,1,2,5,8,8,132,142,4,5,9,17,25,41,791,571,315,358,338,376,292,273,234,203,239,241,175,398,1.0,,,,,,,,,,,,,,,,,,,,,,,,,,,,,,,,,,,,,,,,,,,,,,,1.02,"38,898"
Lebanon,,,,,,,,,,,,,"2,521","4,081","4,233","4,012","3,445","2,962","4,366","5,749","4,390","4,377","4,698","4,949","4,289","3,675","4,171","4,453","5,007","4,335","2,946","2,095",11.6,,,,,,,,,,,,,,,,,,,,,,,,,,,,,,,,,,,,,,,,,,,,,,,11.59,"18,077"
Lesotho,,,,,,,,,,,,,,,,,,,,,,,,,,,,,,,,,,,,,,,,,,,,,,,,,,,,,,,,,,,,,,,,,,,,,,,,,,,,,,,,0.00,"2,465"
Liberia,,,,,,,,,,,,,,,0,0,0,0,0,1,301,307,435,395,364,340,357,316,339,251,,,,,,,,,,,,,,,,,,,,,,,,,,,,,,,,,,,,,,,,,,,,,,,,,,0.00,"3,509"
Libya,446,409,394,324,283,222,272,192,208,213,463,683,786,676,975,914,945,762,964,"1,361","1,609",650,"1,971","3,199","1,120",840,756,680,744,"1,082",924,,,,,,,,,,,,,,,,,,,,,,,,,,,,,,,,,,,,,,,,,,,,,,,,,0.00,"39,007"
Liechtenstein,,,,,,,,,,,,,,,,,,,,,,,,,,,,,,,,,,,,,,,,,,,,,,,,,,,,,,,,,,,,,,,,,,,,,,,,,,,,,,,,#DIV/0!,0
Lithuania,,,,,1,1,33,58,63,47,38,29,31,42,280,259,426,567,652,680,552,"1,026","1,135",852,905,589,584,548,617,602,366,403,0.6,,,,,,,,,,,,,,,,,,,,,,,,,,,,,,,,,,,,,,,,,,,,,,,0.62,"65,547"
Luxembourg,0,0,0,0,0,0,0,0,0,"2,694","2,720","3,139","4,114","5,120","6,084","6,742","7,627","9,368","11,043","10,759","10,659","11,775","11,454","12,419","12,917","11,233","11,679","12,694","14,045","14,153","14,306","16,955",19.5,,,,,,,,,,,,,,,,,,,,,,,,,,,,,,,,,,,,,,,,,,,,,,,19.54,"86,768"
"Macao SAR, China",,,,,,,,,,,,,123,120,146,233,441,792,"1,018",768,637,774,973,"1,283","1,630","1,949","2,027","2,041","2,166","2,324","2,134","2,147",7.2,,,,,,,,,,,,,,,,,,,,,,,,,,,,,,,,,,,,,,,,,,,,,,,7.18,"29,905"
Madagascar,18,10,9,7,8,11,13,15,13,11,12,11,5,18,9,23,27,38,41,50,59,54,63,55,50,58,48,63,74,63,43,54,0.4,,,,,,,,,,,,,,,,,,,,,,,,,,,,,,,,,,,,,,,,,,,,,,,0.38,"14,284"
Malawi,0,0,0,0,1,1,1,1,1,1,0,1,0,7,7,7,7,10,10,13,15,17,18,16,19,20,8,10,15,32,37,36,0.3,,,,,,,,,,,,,,,,,,,,,,,,,,,,,,,,,,,,,,,,,,,,,,,0.30,"12,001"
Malaysia,182,154,187,211,106,"1,329","1,425","2,074","2,924",484,599,634,"3,826","3,464","5,064","5,679","5,597","6,388","6,786","6,529","8,628","9,422","8,958","8,982","10,192","10,483","10,105","9,394","10,916","11,398","9,090","8,598",2.3,,,,,,,,,,,,,,,,,,,,,,,,,,,,,,,,,,,,,,,,,,,,,,,2.30,"373,034"
Maldives,8,17,19,27,22,27,27,28,31,41,46,50,51,55,62,70,84,189,219,190,189,240,260,266,301,348,376,475,532,596,397,496,9.5,,,,,,,,,,,,,,,,,,,,,,,,,,,,,,,,,,,,,,,,,,,,,,,9.54,"5,204"
Mali,45,51,69,56,37,42,23,21,32,30,26,23,30,58,64,69,57,83,105,168,176,129,111,134,148,133,160,155,207,206,205,,,,,,,,,,,,,,,,,,,,,,,,,,,,,,,,,,,,,,,,,,,,,,,,,0.00,"19,151"
Malta,25,8,5,2,3,9,9,9,7,10,8,8,9,12,376,192,223,259,"1,320","1,864","1,612","1,108","1,050","1,108","1,113",404,451,477,513,501,543,524,3.0,,,,,,,,,,,,,,,,,,,,,,,,,,,,,,,,,,,,,,,,,,,,,,,3.02,"17,376"
Marshall Islands,,,,,,,,,,,,,,,,4,4,4,4,4,8,9,23,24,24,18,19,23,24,8,9,,,,,,,,,,,,,,,,,,,,,,,,,,,,,,,,,,,,,,,,,,,,,,,,,0.00,257
Mauritania,31,29,30,23,25,14,12,12,10,0,0,0,0,0,0,0,0,0,0,0,0,0,240,255,189,172,0,53,27,10,39,22,0.2,,,,,,,,,,,,,,,,,,,,,,,,,,,,,,,,,,,,,,,,,,,,,,,0.23,"9,892"
Mauritius,0,0,0,0,0,0,0,0,0,0,0,6,8,9,9,9,10,10,13,10,8,9,8,8,701,600,599,581,747,823,"1,102",720,6.4,,,,,,,,,,,,,,,,,,,,,,,,,,,,,,,,,,,,,,,,,,,,,,,6.45,"11,157"
Mexico,0,0,0,0,0,0,0,0,0,0,0,0,0,0,0,0,0,0,0,0,0,0,0,867,"1,002",811,654,806,"1,000",981,899,"1,057",0.1,,,,,,,,,,,,,,,,,,,,,,,,,,,,,,,,,,,,,,,,,,,,,,,0.08,"1,297,661"
"Micronesia, Fed. Sts.",,,,,,,,,,,,,,,,,,,,15,17,17,18,16,17,,,,,,,,,,,,,,,,,,,,,,,,,,,,,,,,,,,,,,,,,,,,,,,,,,,,,,,0.00,407
Moldova,,,,,,,6,20,21,25,29,39,36,44,42,46,57,72,92,87,116,80,93,94,147,154,141,144,169,181,207,293,2.1,,,,,,,,,,,,,,,,,,,,,,,,,,,,,,,,,,,,,,,,,,,,,,,2.14,"13,672"
Monaco,,,,,,,,,,,,,,,,,,,,,,,,,,,,,,,,,,,,,,,,,,,,,,,,,,,,,,,,,,,,,,,,,,,,,,,,,,,,,,,,#DIV/0!,0
Mongolia,0,0,0,0,0,0,0,0,3,2,5,6,16,19,49,40,77,90,172,83,169,312,531,441,337,228,171,183,217,233,146,144,0.9,,,,,,,,,,,,,,,,,,,,,,,,,,,,,,,,,,,,,,,,,,,,,,,0.94,"15,286"
Montenegro,,,,,,,,,,,,,,,,,,27,27,26,33,44,53,64,72,54,60,70,111,123,98,104,1.8,,,,,,,,,,,,,,,,,,,,,,,,,,,,,,,,,,,,,,,,,,,,,,,1.77,"5,865"
Morocco,11,17,23,14,13,15,14,15,22,20,23,27,30,34,34,35,38,49,54,60,62,71,64,63,100,79,107,112,138,136,152,175,0.1,,,,,,,,,,,,,,,,,,,,,,,,,,,,,,,,,,,,,,,,,,,,,,,0.12,"142,867"
Mozambique,,,,,,,,,,,,,,,,24,26,45,57,66,54,41,96,100,194,191,98,219,209,202,211,221,1.4,,,,,,,,,,,,,,,,,,,,,,,,,,,,,,,,,,,,,,,,,,,,,,,1.40,"15,777"
Myanmar,0,0,0,0,0,0,0,0,0,0,14,14,23,23,24,19,31,0,0,0,0,0,0,419,566,382,298,96,151,179,,,,,,,,,,,,,,,,,,,,,,,,,,,,,,,,,,,,,,,,,,,,,,,,,,0.00,"65,160"
Namibia,26,22,17,13,11,11,11,17,10,9,9,8,8,15,17,18,20,16,42,68,82,112,104,83,131,71,50,68,58,96,105,90,0.7,,,,,,,,,,,,,,,,,,,,,,,,,,,,,,,,,,,,,,,,,,,,,,,0.73,"12,307"
Nepal,0,0,0,3,9,9,18,22,24,27,17,24,34,26,64,66,79,4,5,12,32,39,50,28,9,9,20,33,49,60,44,44,0.1,,,,,,,,,,,,,,,,,,,,,,,,,,,,,,,,,,,,,,,,,,,,,,,0.12,"35,848"
Netherlands,921,948,"1,306","1,180","1,164","1,506","1,443","1,391","1,423","1,506","1,447","1,534","1,642","2,471","4,195","4,545","6,079","10,084","12,697","11,672","9,396","10,252","9,573","9,686","8,283","10,223","10,507","11,320","12,957","14,138","14,312","15,785",1.6,,,,,,,,,,,,,,,,,,,,,,,,,,,,,,,,,,,,,,,,,,,,,,,1.56,"1,013,520"
New Caledonia,,,,,,,,,,,,,19,21,21,28,50,56,68,92,83,87,68,61,48,29,60,,,,,,,,,,,,,,,,,,,,,,,,,,,,,,,,,,,,,,,,,,,,,,,,,,,,,#DIV/0!,0
New Zealand,,,,,,,,,,,187,216,311,382,457,647,552,623,624,524,534,636,669,717,777,729,791,849,872,883,883,895,0.4,,,,,,,,,,,,,,,,,,,,,,,,,,,,,,,,,,,,,,,,,,,,,,,0.36,"246,974"
Nicaragua,0,0,0,0,0,0,0,0,0,0,0,0,0,0,0,0,0,0,1,1,1,1,2,1,1,2,2,2,2,2,2,1,0.01,,,,,,,,,,,,,,,,,,,,,,,,,,,,,,,,,,,,,,,,,,,,,,,0.01,"14,001"
Niger,66,65,65,61,47,29,33,20,21,19,12,10,6,9,25,29,29,18,22,25,72,112,91,92,147,101,109,170,184,179,396,,,,,,,,,,,,,,,,,,,,,,,,,,,,,,,,,,,,,,,,,,,,,,,,,0.00,"14,959"
Nigeria,9,54,35,2,4,1,1,1,1,9,1,1,1,12,21,68,102,54,58,47,47,76,39,50,55,"1,035",745,275,68,91,92,83,0.02,,,,,,,,,,,,,,,,,,,,,,,,,,,,,,,,,,,,,,,,,,,,,,,0.02,"441,541"
North Macedonia,0,0,0,0,0,0,1,0,21,12,14,21,23,16,16,16,18,25,33,26,23,25,24,24,24,20,24,27,25,22,27,26,0.2,,,,,,,,,,,,,,,,,,,,,,,,,,,,,,,,,,,,,,,,,,,,,,,0.19,"13,889"
Northern Mariana Islands,,,,,,,,,,,,,,,,,,,,,,,,,,,,,,,,,,,,,,,,,,,,,,,,,,,,,,,,,,,,,,,,,,,,,,,,,,,,,,,,#DIV/0!,0
Norway,217,309,446,532,475,603,647,703,746,958,"1,060","1,022",923,"1,430","1,749","2,174","2,597","3,577","4,750","4,174","4,118","4,427","5,100","5,799","5,941","4,578","4,162","4,025","4,411","4,619","3,871","3,987",0.8,,,,,,,,,,,,,,,,,,,,,,,,,,,,,,,,,,,,,,,,,,,,,,,0.83,"482,175"
Oman,856,910,"1,220","1,423","1,365","1,537","1,371","1,501","1,467","1,438","1,451","1,532","1,602","1,672","1,826","2,257","2,788","3,670","5,181","5,316","5,704","7,215","8,087","9,104","10,301","10,991","10,312","9,815","9,958","9,134","8,772","8,118",9.5,,,,,,,,,,,,,,,,,,,,,,,,,,,,,,,,,,,,,,,,,,,,,,,9.45,"85,869"
Pakistan,0,0,0,1,2,4,4,2,5,3,2,3,2,5,10,3,3,2,0,8,9,28,34,16,16,30,64,120,130,124,187,231,0.1,,,,,,,,,,,,,,,,,,,,,,,,,,,,,,,,,,,,,,,,,,,,,,,0.07,"348,227"
Palau,0,0,0,0,0,0,0,0,0,0,0,0,0,0,0,12,11,11,10,9,9,9,10,10,10,17,19,20,20,20,19,16,7.2,,,,,,,,,,,,,,,,,,,,,,,,,,,,,,,,,,,,,,,,,,,,,,,7.17,218
Panama,22,16,20,24,25,20,20,21,21,21,22,42,45,57,72,88,236,296,388,450,486,464,564,644,815,829,839,838,797,824,512,554,0.9,,,,,,,,,,,,,,,,,,,,,,,,,,,,,,,,,,,,,,,,,,,,,,,0.87,"63,605"
Papua New Guinea,0,0,0,0,0,0,3,12,6,8,11,11,57,91,117,128,159,284,321,316,395,551,511,515,406,281,198,268,92,0,0,,,,,,,,,,,,,,,,,,,,,,,,,,,,,,,,,,,,,,,,,,,,,,,,,0.00,"27,339"
Paraguay,0,0,0,,,0,0,0,0,0,0,,,,,,,,,,,,,,,,,,,,,,,,,,,,,,,,,,,,,,,,,,,,,,,,,,,,,,,,,,,,,,,,,,,,,0.00,"38,820"
Peru,,,,,,,,,,,,,,,,,,,,,,,,,,,,123,284,326,165,173,0.1,,,,,,,,,,,,,,,,,,,,,,,,,,,,,,,,,,,,,,,,,,,,,,,0.08,"225,938"
Philippines,5,9,8,45,89,151,57,0,0,0,0,0,0,0,0,195,63,66,117,94,109,135,152,210,183,153,196,246,259,226,211,256,0.1,,,,,,,,,,,,,,,,,,,,,,,,,,,,,,,,,,,,,,,,,,,,,,,0.06,"394,086"
Poland,,,,,155,262,243,181,176,191,311,345,353,325,552,621,694,"1,018","1,474","1,154","1,326","1,416","1,538","1,579","2,183","2,574","3,732","6,344","7,501","8,007","7,915","9,419",1.4,,,,,,,,,,,,,,,,,,,,,,,,,,,,,,,,,,,,,,,,,,,,,,,1.39,"679,067"
Portugal,77,94,109,460,386,527,304,217,207,202,203,251,256,259,378,436,445,346,388,518,506,671,560,559,457,344,283,301,262,259,256,322,0.1,,,,,,,,,,,,,,,,,,,,,,,,,,,,,,,,,,,,,,,,,,,,,,,0.13,"250,055"
Puerto Rico,,,,,,,,,,,,,,,,,,,,,,,,,,,,,,,,,,,,,,,,,,,,,,,,,,,,,,,,,,,,,,,,,,,,,,,,,,,,,,,,0.00,"108,476"
Qatar,,,,,,,,,,,,,,,,,,,,,,"10,445","10,413","11,281","11,230","12,192","11,982","12,759","11,558","11,964","10,112","10,966",6.1,,,,,,,,,,,,,,,,,,,,,,,,,,,,,,,,,,,,,,,,,,,,,,,6.10,"179,677"
Romania,0,0,0,0,5,2,2,1,6,8,6,5,6,8,6,22,41,55,168,64,88,128,116,485,593,514,303,389,435,486,537,642,0.2,,,,,,,,,,,,,,,,,,,,,,,,,,,,,,,,,,,,,,,,,,,,,,,0.23,"284,086"
Russian Federation,0,0,0,0,222,469,507,568,465,204,232,915,"1,296","2,264","4,190","6,827","12,104","19,881","29,719","21,148","21,454","26,010","31,648","37,217","32,640","19,689","16,244","20,610","22,308","22,217","16,872","16,820",0.9,,,,,,,,,,,,,,,,,,,,,,,,,,,,,,,,,,,,,,,,,,,,,,,0.95,"1,778,530"
Rwanda,,,,,,,,,,,,,,,,,,,,,64,94,93,83,99,102,102,94,87,72,56,73,0.7,,,,,,,,,,,,,,,,,,,,,,,,,,,,,,,,,,,,,,,,,,,,,,,0.66,"11,067"
Samoa,3,3,4,3,4,,,,,,,,,,,16,21,10,9,8,9,12,11,18,12,16,18,19,17,20,21,26,3.1,,,,,,,,,,,,,,,,,,,,,,,,,,,,,,,,,,,,,,,,,,,,,,,3.07,844
San Marino,0,0,0,0,0,0,0,0,0,0,0,0,0,0,0,0,0,0,0,0,0,0,0,0,0,0,0,175,191,195,191," ",,,,,,,,,,,,,,,,,,,,,,,,,,,,,,,,,,,,,,,,,,,,,,,,#VALUE!,"1,703"
Sao Tome and Principe,0,0,0,0,0,0,0,1,0,1,1,1,0,1,1,0,1,1,0,1,1,1,1,1,1,0,1,0,0,0,2,6,1.2,,,,,,,,,,,,,,,,,,,,,,,,,,,,,,,,,,,,,,,,,,,,,,,1.24,518
Saudi Arabia,"11,221","13,728","13,379","15,696","18,078","16,594","15,493","15,014","14,934","13,958","15,390","15,120","15,854","14,783","13,555","14,303","15,943","16,436","21,696","26,470","27,069","28,475","29,493","34,984","36,924","38,787","37,843","36,119","33,882","31,197","34,596","40,735",4.9,,,,,,,,,,,,,,,,,,,,,,,,,,,,,,,,,,,,,,,,,,,,,,,4.89,"833,541"
Senegal,79,89,96,94,60,76,68,70,67,61,55,51,40,57,77,98,96,143,145,175,217,209,221,281,300,272,389,409,592,,,,,,,,,,,,,,,,,,,,,,,,,,,,,,,,,,,,,,,,,,,,,,,,,,,0.00,"27,640"
Serbia,,,,,,,,,,,,,,,,,,129,180,153,155,204,218,255,267,245,239,273,297,332,390,471,0.7,,,,,,,,,,,,,,,,,,,,,,,,,,,,,,,,,,,,,,,,,,,,,,,0.75,"63,068"
Seychelles,10,10,13,0,0,0,0,0,0,0,10,6,5,7,8,10,17,52,51,62,41,50,57,61,58,74,63,68,70,73,45,49,3.4,,,,,,,,,,,,,,,,,,,,,,,,,,,,,,,,,,,,,,,,,,,,,,,3.36,"1,457"
Sierra Leone,0,0,0,0,0,0,,,,,,,3,3,3,2,4,4,3,3,11,21,20,9,7,7,5,4,7,8,8,,,,,,,,,,,,,,,,,,,,,,,,,,,,,,,,,,,,,,,,,,,,,,,,,0.00,"4,148"
Singapore,,,,,,,,,,,,,,,,,,,,,,,,,,,,,,,,,,,,,,,,,,,,,,,,,,,,,,,,,,,,,,,,,,,,,,,,,,,,,,,,0.00,"396,992"
Sint Maarten (Dutch part),,,,,,,,,,,,,,,,,,,,,,105,108,108,114,107,116,104,94,100,81,88,,,,,,,,,,,,,,,,,,,,,,,,,,,,,,,,,,,,,,,,,,,,,,,,,0
Slovak Republic,0,0,0,2,6,3,13,14,8,7,7,10,11,16,29,50,59,82,153,138,70,70,154,175,226,240,242,271,364,511,411,441,0.4,,,,,,,,,,,,,,,,,,,,,,,,,,,,,,,,,,,,,,,,,,,,,,,0.38,"114,947"
Slovenia,,,2,16,16,27,25,27,27,25,27,27,45,65,79,91,140,248,380,247,212,219,199,211,228,201,215,252,296,320,291,351,0.6,,,,,,,,,,,,,,,,,,,,,,,,,,,,,,,,,,,,,,,,,,,,,,,0.57,"61,790"
Solomon Islands,6,7,6,2,6,8,8,3,2,6,6,2,1,2,2,2,11,12,14,39,62,67,47,45,46,56,69,55,63,83,66,55,3.4,,,,,,,,,,,,,,,,,,,,,,,,,,,,,,,,,,,,,,,,,,,,,,,3.37,"1,632"
Somalia,,,,,,,,,,,,,,,,,,,,,,,,,,,,,,,,,,,,,,,,,,,,,,,,,,,,,,,,,,,,,,,,,,,,,,,,,,,,,,,,0.00,"7,628"
South Africa,"1,116",803,738,632,572,567,518,582,616,641,614,521,506,706,935,"1,042","1,055","1,173","1,119","1,144","1,353","1,423","1,320","1,182","1,094",980,897,"1,033","1,098","1,052",921,"1,066",0.3,,,,,,,,,,,,,,,,,,,,,,,,,,,,,,,,,,,,,,,,,,,,,,,0.25,"418,907"
South Sudan,0,0,0,0,0,0,0,0,0,0,0,0,0,0,0,0,0,0,0,0,0,0,0,0,2,146,64,123,103,16,308,10,0.2,,,,,,,,,,,,,,,,,,,,,,,,,,,,,,,,,,,,,,,,,,,,,,,0.19,"5,167"
Spain,159,207,393,498,491,646,755,833,"1,017",550,622,574,533,539,705,733,794,897,749,557,471,497,407,353,403,368,304,363,440,449,352,261,0.02,,,,,,,,,,,,,,,,,,,,,,,,,,,,,,,,,,,,,,,,,,,,,,,0.02,"1,426,224"
Sri Lanka,0,0,0,0,0,13,12,13,13,14,14,188,204,224,230,249,274,305,373,420,526,581,680,854,887,896,895,944,962,"1,091","1,042",,,,,,,,,,,,,,,,,,,,,,,,,,,,,,,,,,,,,,,,,,,,,,,,,0.00,"88,979"
St. Kitts and Nevis,6,,,4,3,1,2,3,3,2,7,8,8,7,8,8,5,6,6,6,6,6,6,7,16,21,25,28,24,26,22,21,2.2,,,,,,,,,,,,,,,,,,,,,,,,,,,,,,,,,,,,,,,,,,,,,,,2.24,950
St. Lucia,4,2,,3,2,2,6,2,2,3,3,3,3,3,3,3,3,3,3,3,3,3,3,3,17,19,22,21,16,17,21,22,1.3,,,,,,,,,,,,,,,,,,,,,,,,,,,,,,,,,,,,,,,,,,,,,,,1.33,"1,691"
St. Martin (French part),,,,,,,,,,,,,,,,,,,,,,,,,,,,,,,,,,,,,,,,,,,,,,,,,,,,,,,,,,,,,,,,,,,,,,,,,,,,,,,,,0
St. Vincent and the Grenadines,3,,,3,3,2,2,4,4,4,4,5,4,4,4,5,5,6,5,5,6,6,6,6,12,10,12,12,11,11,9,9,1.0,,,,,,,,,,,,,,,,,,,,,,,,,,,,,,,,,,,,,,,,,,,,,,,1.03,881
Sudan,2,0,0,0,0,1,0,0,5,3,4,2,4,1,2,2,2,2,2,0,1,2,8,64,36,89,112,125,209,139,200,176,0.5,,,,,,,,,,,,,,,,,,,,,,,,,,,,,,,,,,,,,,,,,,,,,,,0.50,"35,140"
Suriname,,,,,,,,,,,,,,,,10,4,6,8,5,1,3,12,19,23,32,40,80,82,72,77,105,3.7,,,,,,,,,,,,,,,,,,,,,,,,,,,,,,,,,,,,,,,,,,,,,,,3.69,"2,854"
Sweden,262,360,319,245,216,317,406,384,503,484,539,578,508,568,660,729,930,"1,056","1,206","1,071","1,160","1,390","1,387","1,624","1,591","1,460","1,633","2,046","2,084","1,917","1,766","2,140",0.3,,,,,,,,,,,,,,,,,,,,,,,,,,,,,,,,,,,,,,,,,,,,,,,0.34,"635,664"
Switzerland,"8,168","8,675","8,851","8,220","8,723","10,114","9,614","7,847","7,767","7,578","6,196","6,921","7,948","9,374","10,615","10,859","11,663","13,403","15,838","16,396","18,512","23,680","23,739","25,338","26,817","26,031","26,050","26,962","27,741","28,436","29,638","31,593",4.0,,,,,,,,,,,,,,,,,,,,,,,,,,,,,,,,,,,,,,,,,,,,,,,3.95,"799,796"
Syrian Arab Republic,0,0,0,12,11,15,20,25,29,28,29,30,35,40,42,40,235,250,210,211,530,,,,,,,,,,,,,,,,,,,,,,,,,,,,,,,,,,,,,,,,,,,,,,,,,,,,,,,,,,,,0
Tajikistan,,,,,,,,,,,,,13,64,119,68,101,158,171,106,184,201,263,240,304,165,87,216,252,190,108,167,1.9,,,,,,,,,,,,,,,,,,,,,,,,,,,,,,,,,,,,,,,,,,,,,,,1.91,"8,746"
Tanzania,0,0,0,0,0,1,1,1,4,15,20,30,27,27,34,33,30,39,48,47,123,133,162,130,98,104,108,114,99,87,87,,,,,,,,,,,,,,,,,,,,,,,,,,,,,,,,,,,,,,,,,,,,,,,,,0.00,"70,309"
Thailand,198,53,,,,,,,,,,,,,,,,,,"3,265","3,027","2,921","2,893","3,289","3,620","3,992","4,155","4,397","4,924","8,913","7,879","7,046",1.4,,,,,,,,,,,,,,,,,,,,,,,,,,,,,,,,,,,,,,,,,,,,,,,1.39,"505,902"
Timor-Leste,,,,,,,,,,,,,,,,,1,3,16,86,103,105,107,8,28,159,237,266,286,293,398,319,13.5,,,,,,,,,,,,,,,,,,,,,,,,,,,,,,,,,,,,,,,,,,,,,,,13.53,"2,358"
Togo,13,13,16,6,4,5,7,10,6,6,7,5,17,28,34,35,39,47,58,72,63,92,153,178,154,89,78,86,98,102,101,,,,,,,,,,,,,,,,,,,,,,,,,,,,,,,,,,,,,,,,,,,,,,,,,0.00,"8,430"
Tonga,1,1,1,1,2,,,,,,,,15,13,10,11,14,9,13,9,8,6,5,7,6,14,26,27,21,29,29,31,6.6,,,,,,,,,,,,,,,,,,,,,,,,,,,,,,,,,,,,,,,,,,,,,,,6.56,470
Trinidad and Tobago,2,3,4,1,1,1,,,,,,,,,,,,,,,,201,223,216,253,290,372,379,359,252,266,161,0.7,,,,,,,,,,,,,,,,,,,,,,,,,,,,,,,,,,,,,,,,,,,,,,,0.67,"23,994"
Tunisia,6,5,8,7,11,21,11,20,8,8,21,21,13,17,13,16,16,15,16,13,13,19,18,20,28,26,27,29,27,26,23,27,0.1,,,,,,,,,,,,,,,,,,,,,,,,,,,,,,,,,,,,,,,,,,,,,,,0.06,"46,842"
"Türkiye, Rep. of",0,0,0,0,0,0,0,0,0,0,0,0,0,0,0,108,124,124,126,157,190,268,404,689,815,850,"1,108",631,627,678,521,631,0.1,,,,,,,,,,,,,,,,,,,,,,,,,,,,,,,,,,,,,,,,,,,,,,,0.08,"817,508"
Turkmenistan,,,,,,,,,,,,,,,,,,,,,,,,,,,,,,,,,,,,,,,,,,,,,,,,,,,,,,,,,,,,,,,,,,,,,,,,,,,,,,,,0.00,"62,202"
Turks and Caicos Islands,0,0,0,0,0,0,0,0,0,0,0,0,0,0,0,0,0,0,0,0,0,0,0,0,82,86,95,109,129,,,,,,,,,,,,,,,,,,,,,,,,,,,,,,,,,,,,,,,,,,,,,,,,,,,#DIV/0!,0
Tuvalu,,,,,,,,,,,,0,0,0,0,1,1,1,1,1,2,2,3,1,1,1,1,1,1,1,1,1,2.2,,,,,,,,,,,,,,,,,,,,,,,,,,,,,,,,,,,,,,,,,,,,,,,2.24,63
Uganda,0,0,0,0,0,0,0,0,0,229,353,355,358,182,194,197,206,236,381,483,331,395,325,368,302,278,349,345,400,373,195,213,0.5,,,,,,,,,,,,,,,,,,,,,,,,,,,,,,,,,,,,,,,,,,,,,,,0.50,"42,959"
Ukraine,0,0,0,0,0,0,1,4,3,3,5,0,4,4,6,186,255,353,714,613,703,849,"1,003","1,716","1,702",627,559,584,565,575,843,"1,083",0.5,,,,,,,,,,,,,,,,,,,,,,,,,,,,,,,,,,,,,,,,,,,,,,,0.54,"199,719"
United Arab Emirates,,,,,,,,"3,186","3,431","3,635","3,676","3,910","4,139","4,389","4,648","5,372","6,072","8,683","9,995","9,532","10,566","11,220","14,398","17,933","19,280","40,702","43,775","44,753","46,085","44,956","43,349","47,543",11.3,,,,,,,,,,,,,,,,,,,,,,,,,,,,,,,,,,,,,,,,,,,,,,,11.33,"419,762"
United Kingdom,"1,172","1,090","1,057",838,"1,306","1,866","1,277","1,513","1,409","5,112","5,366","5,463","5,996","6,991","8,930","9,643","10,646","11,597","11,212","9,275","9,565","9,931","10,077","10,528","11,571","10,706","10,191","9,801","10,410","10,360","9,382","10,085",0.3,,,,,,,,,,,,,,,,,,,,,,,,,,,,,,,,,,,,,,,,,,,,,,,0.32,"3,187,626"
United States,"11,850","13,919","16,156","18,041","20,366","22,181","23,723","25,594","27,427","33,427","35,315","39,007","40,562","41,391","44,927","47,751","50,974","53,039","55,679","50,555","50,527","50,854","52,371","55,003","57,239","60,719","62,870","64,114","66,836","71,583","66,543","72,669",0.3,,,,,,,,,,,,,,,,,,,,,,,,,,,,,,,,,,,,,,,,,,,,,,,0.32,"22,996,075"
Uruguay,0,0,0,0,0,0,0,0,,,0,0,0,1,2,2,3,4,5,6,7,,10,100,94,87,85,101,109,117,106,118,0.2,,,,,,,,,,,,,,,,,,,,,,,,,,,,,,,,,,,,,,,,,,,,,,,0.20,"59,294"
Uzbekistan,,,,,,,,,,,,,,,,148,190,328,474,386,261,341,402,677,607,336,159,174,244,274,337,437,0.6,,,,,,,,,,,,,,,,,,,,,,,,,,,,,,,,,,,,,,,,,,,,,,,0.63,"69,202"
Vanuatu,12,13,13,9,11,11,34,30,14,15,17,16,2,3,3,3,3,3,3,3,3,4,2,2,4,3,5,5,10,15,11,10,1.0,,,,,,,,,,,,,,,,,,,,,,,,,,,,,,,,,,,,,,,,,,,,,,,1.05,927
"Venezuela, RB",701,677,858,729,609,203,290,211,261,195,331,406,383,209,214,211,257,662,841,582,805,782,899,"1,117",193,105,54,,,,,,,,,,,,,,,,,,,,,,,,,,,,,,,,,,,,,,,,,,,,,,,,,,,,,0.00,"59,513"
Vietnam,0,0,0,0,0,0,0,0,0,0,0,0,0,0,0,0,0,0,0,0,0,0,0,0,46,,,,,,,,,,,,,,,,,,,,,,,,,,,,,,,,,,,,,,,,,,,,,,,,,,,,,,,0.00,"366,201"
Virgin Islands (U.S.),,,,,,,,,,,,,,,,,,,,,,,,,,,,,,,,,,,,,,,,,,,,,,,,,,,,,,,,,,,,,,,,,,,,,,,,,,,,,,,,#DIV/0!,0
West Bank and Gaza,,,,,,19,18,22,5,6,6,5,5,18,11,6,7,8,8,8,18,48,48,53,36,30,30,27,22,29,22,9,0.1,,,,,,,,,,,,,,,,,,,,,,,,,,,,,,,,,,,,,,,,,,,,,,,0.05,"18,037"
"Yemen, Rep.",,,,,,,,,,,,,,,,109,120,319,337,337,338,333,338,333,335,333,333,,,,,,,,,,,,,,,,,,,,,,,,,,,,,,,,,,,,,,,,,,,,,,,,,,,,,0.00,"19,911"
Zambia,15,19,,,,,,59,39,22,24,28,38,72,76,94,115,124,139,66,68,70,97,77,81,72,63,121,132,104,89,107,0.5,,,,,,,,,,,,,,,,,,,,,,,,,,,,,,,,,,,,,,,,,,,,,,,0.50,"21,313"
Zimbabwe,9,7,9,7,6,0,0,0,0,0,0,0,0,0,0,0,0,0,0,9,9,9,10,10,11,11,14,19,29,13,22,,,,,,,,,,,,,,,,,,,,,,,,,,,,,,,,,,,,,,,,,,,,,,,,,0.00,"32,868"